{"stats":{"minecraft:picked_up":{"minecraft:iron_chestplate":3,"minecraft:wheat":47,"minecraft:chainmail_boots":1,"minecraft:stone_slab":3,"minecraft:enchanted_book":1,"minecraft:stone_brick_stairs":1,"minecraft:string":5,"minecraft:raw_copper":14,"minecraft:iron_leggings":2,"minecraft:bucket":1,"bosses_of_mass_destruction:soul_star":2,"biomesoplenty:fir_planks":6,"minecraft:spruce_planks":3,"minecraft:azalea":1,"minecraft:iron_pickaxe":3,"hangglider:hang_glider":1,"biomesoplenty:redwood_wood":195,"minecraft:melon_slice":4,"minecraft:iron_boots":1,"minecraft:furnace":4,"pizzacraft:raw_pizza":1,"minecraft:stick":237,"minecraft:sheaf_pottery_sherd":1,"minecraft:torch":339,"ecologics:coconut_seedling":1,"minecraft:porkchop":6,"tombstone:grave_dust":1,"minecraft:stone_sword":4,"minecraft:rotten_flesh":31,"farmersdelight:onion":3,"ecologics:coconut_log":6,"minecraft:cyan_terracotta":2,"pizzacraft:pizza_slice":3,"immersive_weathering:grassy_sandy_dirt":1,"projectvibrantjourneys:cattail":26,"minecraft:obsidian":3,"minecraft:snowball":17,"minecraft:cobblestone":881,"minecraft:birch_log":10,"minecraft:cooked_beef":7,"minecraft:feather":9,"minecraft:lilac":1,"pizzacraft:pepper_seeds":3,"minecraft:andesite":5,"projectvibrantjourneys:fallen_leaves":7,"minecraft:golden_leggings":1,"immersive_weathering:sandy_dirt":10,"biomesoplenty:fir_sapling":15,"biomesoplenty:fir_log":118,"minecraft:flint":4,"minecraft:dirt":477,"minecraft:bone":12,"minecraft:wheat_seeds":193,"minecraft:bamboo":27,"immersive_weathering:tallow":32,"pizzacraft:pizza":2,"biomesoplenty:magic_sapling":2,"biomesoplenty:toadstool":4,"minecraft:cooked_porkchop":1,"minecraft:jungle_planks":3,"minecraft:sand":38,"ecologics:coconut_husk":2,"minecraft:dark_oak_log":5,"naturalist:duck_egg":4,"minecraft:mossy_cobblestone":5,"minecraft:bundle":2,"minecraft:iron_hoe":1,"minecraft:light_gray_terracotta":1,"minecraft:angler_pottery_sherd":1,"biomesoplenty:magic_planks":1,"minecraft:bread":2,"minecraft:emerald":3,"minecraft:oak_sapling":15,"minecraft:netherrack":1,"minecraft:bricks":1,"minecraft:crimson_roots":3,"minecraft:fishing_rod":1,"minecraft:mud":1,"minecraft:shelter_pottery_sherd":1,"minecraft:crafting_table":4,"minecraft:allium":9,"minecraft:chicken":5,"minecraft:gold_block":4,"minecraft:heavy_weighted_pressure_plate":3,"minecraft:iron_shovel":5,"minecraft:beef":47,"minecraft:oak_boat":1,"projectvibrantjourneys:sandy_sprouts":1,"minecraft:poppy":2,"minecraft:phantom_membrane":1,"pizzacraft:corn":1,"minecraft:raw_iron":167,"minecraft:sandstone":205,"ecologics:coconut_slice":10,"projectvibrantjourneys:bark_mushroom":4,"minecraft:carrot":1,"immersive_weathering:permafrost":3,"minecraft:purple_terracotta":1,"biomesoplenty:redwood_planks":65,"minecraft:arrow":9,"minecraft:stone_shovel":2,"minecraft:cooked_cod":6,"biomesoplenty:cattail":1,"minecraft:hay_block":14,"minecraft:gold_ingot":1,"biomesoplenty:redwood_sapling":42,"minecraft:mutton":18,"minecraft:white_wool":13,"minecraft:stripped_oak_log":1,"minecraft:leather":27,"immersive_weathering:enchanted_golden_moss_clump":1,"minecraft:filled_map":3,"minecraft:oak_log":102,"minecraft:lily_pad":12,"minecraft:gunpowder":1,"minecraft:blue_bed":2,"minecraft:paper":1,"tombstone:gift":2,"biomesoplenty:glowing_moss_carpet":1,"minecraft:coast_armor_trim_smithing_template":4,"minecraft:apple":5,"minecraft:stone_bricks":1,"projectvibrantjourneys:small_cactus":1,"wardrobe:goat_fur":6,"minecraft:iron_ingot":103,"minecraft:stone_pickaxe":3,"minecraft:cooked_chicken":3,"minecraft:glass_bottle":2,"minecraft:iron_sword":2,"minecraft:book":2,"projectvibrantjourneys:light_brown_bark_mushroom":3,"pizzacraft:pepper":7,"minecraft:pumpkin":1,"minecraft:sweet_berries":29,"minecraft:dandelion":3,"minecraft:gravel":34,"minecraft:spruce_sapling":10,"minecraft:white_bed":4,"minecraft:spruce_log":31,"biomesoplenty:glowing_moss_block":1,"minecraft:spider_eye":3,"minecraft:purple_bed":4,"minecraft:snort_pottery_sherd":1,"minecraft:stone_axe":4,"minecraft:iron_helmet":1,"projectvibrantjourneys:orange_bark_mushroom":6,"projectvibrantjourneys:twigs":1,"minecraft:coal":174,"minecraft:ender_pearl":1},"minecraft:killed_by":{"minecraft:creeper":1,"minecraft:drowned":1,"minecraft:zombie":2,"minecraft:skeleton":2,"minecraft:phantom":1},"minecraft:custom":{"minecraft:interact_with_crafting_table":115,"minecraft:open_barrel":13,"minecraft:leave_game":11,"minecraft:time_since_death":0,"minecraft:sprint_one_cm":772515,"minecraft:drop":116,"minecraft:talked_to_villager":7,"minecraft:play_time":598018,"minecraft:deaths":11,"minecraft:jump":10210,"minecraft:walk_on_water_one_cm":133501,"minecraft:interact_with_furnace":93,"minecraft:sleep_in_bed":23,"minecraft:damage_dealt":12642,"minecraft:player_kills":1,"minecraft:crouch_one_cm":50941,"tombstone:undead_killed":15,"minecraft:horse_one_cm":2495,"minecraft:mob_kills":89,"minecraft:climb_one_cm":7082,"minecraft:walk_one_cm":1290535,"minecraft:sneak_time":14812,"minecraft:walk_under_water_one_cm":67939,"minecraft:boat_one_cm":20,"minecraft:total_world_time":598018,"tombstone:raider_killed":1,"minecraft:time_since_rest":0,"minecraft:damage_taken":10028,"minecraft:swim_one_cm":128191,"minecraft:fly_one_cm":2092784,"minecraft:open_chest":131,"minecraft:fall_one_cm":267113},"minecraft:killed":{"minecraft:witch":1,"minecraft:spider":3,"minecraft:skeleton":6,"minecraft:chicken":5,"minecraft:parrot":1,"minecraft:pig":4,"minecraft:sheep":12,"minecraft:trader_llama":2,"minecraft:goat":2,"minecraft:zombie":26,"minecraft:cow":19,"naturalist:tortoise":2,"naturalist:canary":1,"naturalist:sparrow":2,"minecraft:enderman":2},"minecraft:dropped":{"minecraft:iron_sword":2,"minecraft:cooked_beef":3,"minecraft:crafting_table":1,"minecraft:cooked_porkchop":1,"minecraft:sheaf_pottery_sherd":1,"pizzacraft:corn":1,"projectvibrantjourneys:orange_bark_mushroom":3,"biomesoplenty:fir_sapling":2,"minecraft:dirt":1,"minecraft:stone_button":8,"projectvibrantjourneys:fallen_leaves":1,"minecraft:crimson_roots":3,"minecraft:cooked_cod":4,"minecraft:snowball":16,"farmersdelight:onion":3,"minecraft:iron_pickaxe":1,"minecraft:white_wool":1,"projectvibrantjourneys:bark_mushroom":4,"hangglider:hang_glider":1,"minecraft:wheat":1,"minecraft:obsidian":3,"tombstone:gift":2,"minecraft:rotten_flesh":17,"projectvibrantjourneys:light_brown_bark_mushroom":1,"minecraft:heavy_weighted_pressure_plate":2,"minecraft:azalea":1,"ecologics:coconut_husk":2,"immersive_weathering:tallow":4,"minecraft:snort_pottery_sherd":1,"projectvibrantjourneys:cattail":22,"minecraft:arrow":5,"minecraft:beef":4,"minecraft:bread":10,"minecraft:iron_ingot":32,"minecraft:shelter_pottery_sherd":1,"minecraft:wheat_seeds":1,"minecraft:mossy_cobblestone":4,"immersive_weathering:grassy_sandy_dirt":1,"biomesoplenty:redwood_wood":8,"biomesoplenty:magic_sapling":2,"minecraft:feather":1,"minecraft:cobblestone":33,"minecraft:stick":64,"minecraft:milk_bucket":2,"minecraft:torch":1,"minecraft:iron_leggings":1,"minecraft:angler_pottery_sherd":1,"minecraft:iron_shovel":1,"minecraft:lily_pad":8,"minecraft:dandelion":3,"pizzacraft:rolling_pin":1,"minecraft:chicken":5,"biomesoplenty:redwood_planks":66,"minecraft:iron_boots":1,"minecraft:stripped_oak_log":1,"pizzacraft:pepper":1,"minecraft:filled_map":1,"minecraft:andesite":5,"minecraft:spider_eye":3},"minecraft:broken":{"minecraft:stone_pickaxe":1,"minecraft:stone_sword":1,"minecraft:iron_pickaxe":3,"minecraft:iron_helmet":1},"minecraft:crafted":{"minecraft:oak_planks":104,"hangglider:hang_glider":1,"minecraft:birch_boat":1,"minecraft:stone":24,"minecraft:heavy_weighted_pressure_plate":1,"minecraft:cooked_mutton":12,"minecraft:iron_boots":2,"tombstone:grave_key":1,"pizzacraft:rolling_pin":1,"minecraft:chest":10,"minecraft:cooked_porkchop":6,"minecraft:crafting_table":21,"minecraft:spruce_planks":20,"minecraft:wooden_pickaxe":1,"minecraft:iron_helmet":1,"minecraft:birch_planks":20,"biomesoplenty:fir_planks":372,"aquaculture:iron_fillet_knife":1,"biomesoplenty:redwood_boat":2,"minecraft:iron_chestplate":2,"minecraft:stick":212,"minecraft:iron_pickaxe":4,"minecraft:iron_ingot":110,"minecraft:stone_sword":1,"hangglider:glider_framework":1,"minecraft:stone_shovel":1,"ecologics:coconut_planks":24,"minecraft:stone_button":8,"minecraft:furnace":11,"hangglider:glider_wing":2,"minecraft:iron_axe":1,"minecraft:iron_hoe":1,"minecraft:stone_pickaxe":2,"minecraft:dark_oak_planks":20,"minecraft:wheat":126,"minecraft:cooked_beef":27,"biomesoplenty:fir_boat":3,"biomesoplenty:redwood_planks":896,"minecraft:bucket":2,"minecraft:stone_axe":1,"minecraft:bread":35,"minecraft:oak_boat":1,"minecraft:wooden_axe":1,"minecraft:iron_shovel":2,"minecraft:iron_leggings":1,"minecraft:white_bed":1,"minecraft:torch":268},"minecraft:mined":{"minecraft:dark_oak_planks":3,"minecraft:spruce_planks":1,"minecraft:white_bed":4,"minecraft:farmland":1,"minecraft:mossy_stone_brick_slab":1,"pizzacraft:peppers":2,"minecraft:grass_block":166,"biomesoplenty:cattail":1,"minecraft:spawner":2,"minecraft:tall_seagrass":4,"immersive_weathering:biomesoplenty/fir_leaf_pile":10,"immersive_weathering:mossy_stone":5,"minecraft:iron_ore":146,"minecraft:pumpkin":1,"minecraft:sculk_shrieker":1,"biomesoplenty:glowshroom_block":2,"bushierflowers:grown_poppy":1,"biomesoplenty:willow_leaves":2,"projectvibrantjourneys:cattail":23,"minecraft:cyan_terracotta":2,"projectvibrantjourneys:sea_oats":2,"biomesoplenty:glowworm_silk":3,"minecraft:kelp_plant":2,"immersive_weathering:spruce_leaf_pile":2,"minecraft:crimson_nylium":2,"minecraft:powder_snow":1,"minecraft:torch":6,"minecraft:light_gray_terracotta":1,"projectvibrantjourneys:twigs":1,"immersive_weathering:sandy_dirt":3,"minecraft:melon":1,"projectvibrantjourneys:natural_cobweb":5,"minecraft:cobblestone":36,"projectvibrantjourneys:fallen_leaves":2,"minecraft:bricks":1,"minecraft:wall_torch":11,"minecraft:seagrass":2,"minecraft:repeater":1,"farmersdelight:sandy_shrub":1,"biomesoplenty:magic_leaves":5,"minecraft:wheat":51,"immersive_weathering:biomesoplenty/redwood_leaf_pile":61,"biomesoplenty:fir_log":2,"minecraft:stone_brick_stairs":1,"minecraft:grass":309,"biomesoplenty:clover":5,"projectvibrantjourneys:short_grass":137,"minecraft:sand":35,"minecraft:dirt":119,"minecraft:oak_leaves":11,"biomesoplenty:reed":1,"biomesoplenty:glowing_moss_block":2,"biomesoplenty:watergrass":91,"immersive_weathering:grassy_permafrost":2,"farmersdelight:wild_carrots":1,"biomesoplenty:desert_grass":4,"minecraft:dark_oak_log":5,"projectvibrantjourneys:rocks":1,"minecraft:purple_terracotta":1,"minecraft:allium":1,"minecraft:decorated_pot":1,"minecraft:jungle_planks":1,"minecraft:crimson_roots":1,"minecraft:spruce_leaves":15,"minecraft:sandstone":78,"biomesoplenty:dune_grass":1,"minecraft:large_fern":1,"minecraft:hay_block":14,"farmersdelight:wild_onions":3,"minecraft:furnace":2,"biomesoplenty:toadstool":8,"minecraft:snow":17,"projectvibrantjourneys:orange_bark_mushroom":1,"minecraft:andesite":5,"treechop:chopped_log":10,"minecraft:gold_block":4,"immersive_weathering:grassy_sandy_dirt":2,"minecraft:bamboo":2,"minecraft:stone":597,"minecraft:white_wool":1,"biomesoplenty:redwood_planks":1,"minecraft:stone_brick_slab":1,"minecraft:crafting_table":3,"projectvibrantjourneys:small_cactus":1,"minecraft:emerald_ore":4,"pizzacraft:raw_pizza":1,"minecraft:sculk_sensor":1,"projectvibrantjourneys:mossy_rocks":1,"minecraft:stone_slab":1,"minecraft:copper_ore":4,"minecraft:tall_grass":53,"biomesoplenty:sprout":70,"biomesoplenty:huge_clover_petal":8,"minecraft:lily_pad":3,"minecraft:sculk":8,"minecraft:blue_bed":2,"supplementaries:urn":2,"minecraft:purple_bed":1,"minecraft:sweet_berry_bush":2,"minecraft:ice":7,"projectvibrantjourneys:sandy_sprouts":1,"minecraft:coal_ore":118,"biomesoplenty:fir_leaves":7,"minecraft:gravel":38,"minecraft:stone_bricks":12,"biomesoplenty:redwood_wood":1,"minecraft:fern":10},"minecraft:used":{"minecraft:iron_shovel":398,"minecraft:chest":10,"minecraft:iron_sword":239,"pizzacraft:corn":1,"minecraft:carrot":1,"minecraft:sweet_berries":16,"minecraft:furnace":13,"minecraft:cooked_cod":2,"pizzacraft:pizza":1,"pizzacraft:raw_pizza":1,"minecraft:oak_planks":24,"minecraft:stone_pickaxe":148,"minecraft:wooden_pickaxe":11,"minecraft:sandstone":64,"biomesoplenty:fir_planks":272,"biomesoplenty:fir_boat":3,"minecraft:blue_bed":1,"naturalist:duck_egg":3,"minecraft:white_wool":1,"minecraft:sand":1,"pizzacraft:pizza_slice":3,"minecraft:bread":112,"minecraft:melon_slice":4,"tombstone:grave_key":2,"biomesoplenty:glowing_moss_carpet":1,"minecraft:gravel":2,"ecologics:coconut_slice":7,"projectvibrantjourneys:small_cactus":1,"minecraft:oak_boat":1,"minecraft:trident":4,"minecraft:stone_sword":139,"minecraft:stone_shovel":12,"biomesoplenty:redwood_planks":602,"biomesoplenty:glowing_moss_block":1,"minecraft:cooked_salmon":2,"minecraft:cooked_chicken":3,"aquaculture:iron_fillet_knife":10,"minecraft:torch":275,"minecraft:dirt":315,"minecraft:iron_hoe":368,"minecraft:wooden_axe":12,"minecraft:dark_oak_planks":16,"minecraft:iron_axe":208,"immersive_weathering:enchanted_golden_moss_clump":1,"biomesoplenty:redwood_boat":2,"tombstone:gift":6,"minecraft:cooked_beef":14,"minecraft:wheat_seeds":172,"minecraft:cooked_mutton":6,"minecraft:water_bucket":21,"minecraft:birch_boat":1,"immersive_weathering:sandy_dirt":5,"pizzacraft:pepper_seeds":2,"minecraft:crafting_table":23,"minecraft:white_bed":5,"minecraft:apple":7,"minecraft:iron_pickaxe":910,"minecraft:stone_axe":61,"minecraft:fishing_rod":3,"minecraft:cobblestone":467,"minecraft:purple_bed":2,"minecraft:cooked_porkchop":5,"minecraft:bucket":21}},"DataVersion":3465}